round,Centralized,model,c_loss,c_accuracy,c_recall,c_precision,c_f1_score
1,Centralized,Densenet121,0.10610500628948212,0.1898,0.18200478888543248,0.1898,0.1626685494263367
2,Centralized,Densenet121,0.09452771346569061,0.2557,0.25789815728304005,0.2557,0.23323740953477187
3,Centralized,Densenet121,0.08620870918035507,0.3041,0.31452425124875694,0.3041,0.28897935686914245
