round,Centralized,model,c_loss,c_accuracy,c_recall,c_precision,c_f1_score
100,Centralized,Densenet121,0.05362891388088465,0.7453,0.7432670905909234,0.7453,0.7432911856853673
